"Name(s)","Genomic location (strand)","Feature type","Reported gene(s)","Annotation source(s)","Study","P value (negative log)"
"rs621559","1:43174740-43184740(1)","Variation","WDR65","NHGRI-EBI GWAS catalog","PMID:21460395","5.7"
"rs11125529","2:54243729-54253729(1)","Variation","ACYP2","NHGRI-EBI GWAS catalog","PMID:23535734","9.1"
"rs4452212","2:136253421-136263421(1)","Variation","CXCR4","NHGRI-EBI GWAS catalog","PMID:20421499","5.7"
"rs16859140","3:112068747-112078747(1)","Variation","TMPRSS7","NHGRI-EBI GWAS catalog","PMID:24478790","5.3"
"rs12696304","3:169758483-169768483(1)","Variation","TERC","NHGRI-EBI GWAS catalog","PMID:20139977; PMID:21573004","13.4"
"rs10936599","3:169769313-169779313(1)","Variation","TERC","NHGRI-EBI GWAS catalog","PMID:23535734","30.5"
"rs1317082","3:169774797-169784797(1)","Variation","TERC","NHGRI-EBI GWAS catalog","PMID:23001564","8.0"
"rs10936601","3:169805661-169815661(1)","Variation","TERC","NHGRI-EBI GWAS catalog","PMID:23900074","14.4"
"rs7680468","4:107378042-107388042(1)","Variation","DKK2, PAPSS1","NHGRI-EBI GWAS catalog","PMID:24478790","7.3"
"rs2736100","5:1281401-1291401(1)","Variation","TERT","NHGRI-EBI GWAS catalog","PMID:24465473","5.4"
"rs2098713","5:37139472-37149472(1)","Variation","C5orf42","NHGRI-EBI GWAS catalog","PMID:24795349","5.5"
"rs2736428","6:31871147-31881147(1)","Variation","SLC44A4","NHGRI-EBI GWAS catalog","PMID:20421499","5.5"
"rs654128","6:116760215-116770215(1)","Variation","KPNA5","NHGRI-EBI GWAS catalog","PMID:21460395","5.5"
"rs34596385","6:141599867-141609867(1)","Variation","-","NHGRI-EBI GWAS catalog","PMID:24478790","5.2"
"rs11787341","8:19240054-19250054(1)","Variation","-","NHGRI-EBI GWAS catalog","PMID:24478790","6.0"
"rs10904887","10:17141642-17151642(1)","Variation","TRDMT1","NHGRI-EBI GWAS catalog","PMID:24478790","5.4"
"rs10466239","10:43349379-43359379(1)","Variation","FXYD4, RASGEF1A","NHGRI-EBI GWAS catalog","PMID:24478790","5.2"
"rs9419958","10:103911188-103921188(1)","Variation","OBFC1","NHGRI-EBI GWAS catalog","PMID:23001564","10.0"
"rs9420907","10:103911707-103921707(1)","Variation","OBFC1","NHGRI-EBI GWAS catalog","PMID:23535734","10.2"
"rs4387287","10:103913139-103923139(1)","Variation","OBFC1","NHGRI-EBI GWAS catalog","PMID:20421499","10.7"
"rs17653722","12:52188734-52198734(1)","Variation","KRT80","NHGRI-EBI GWAS catalog","PMID:24465473","5.2"
"rs398652","14:56053851-56063851(1)","Variation","PELI2","NHGRI-EBI GWAS catalog","PMID:21460395","5.7"
"rs4902100","14:62078101-62088101(1)","Variation","SYT16","NHGRI-EBI GWAS catalog","PMID:24478790","5.4"
"rs74019828","16:58170370-58180370(1)","Variation","CSNK2A2","NHGRI-EBI GWAS catalog","PMID:24795349","7.3"
"rs3027234","17:8227774-8237774(1)","Variation","CTC1","NHGRI-EBI GWAS catalog","PMID:23001564","7.7"
"rs2162440","18:37629043-37639043(1)","Variation","BRUNOL4","NHGRI-EBI GWAS catalog","PMID:19359265","5.5"
"rs412658","19:22171638-22181638(1)","Variation","ZNF676","NHGRI-EBI GWAS catalog","PMID:23001564","8.0"
"rs1975174","19:22327449-22337449(1)","Variation","ZNF676","NHGRI-EBI GWAS catalog","PMID:20421499","5.7"
"rs6028466","20:39495359-39505359(1)","Variation","DHX35","NHGRI-EBI GWAS catalog","PMID:21460395","6.5"
"rs73394838","22:29824984-29834984(1)","Variation","ASCC2","NHGRI-EBI GWAS catalog","PMID:24478790","5.0"
"rs412658","CHR_HSCHR19_3_CTG2:22248085-22258085(-1)","Variation","ZNF676","NHGRI-EBI GWAS catalog","PMID:23001564","8.0"
"rs2736428","CHR_HSCHR6_MHC_APD_CTG1:31938169-31948169(1)","Variation","SLC44A4","NHGRI-EBI GWAS catalog","PMID:20421499","5.5"
"rs2736428","CHR_HSCHR6_MHC_COX_CTG1:31858691-31868691(1)","Variation","SLC44A4","NHGRI-EBI GWAS catalog","PMID:20421499","5.5"
"rs2736428","CHR_HSCHR6_MHC_DBB_CTG1:31853328-31863328(1)","Variation","SLC44A4","NHGRI-EBI GWAS catalog","PMID:20421499","5.5"
"rs2736428","CHR_HSCHR6_MHC_MCF_CTG1:31947619-31957619(1)","Variation","SLC44A4","NHGRI-EBI GWAS catalog","PMID:20421499","5.5"
"rs2736428","CHR_HSCHR6_MHC_QBL_CTG1:31861527-31871527(1)","Variation","SLC44A4","NHGRI-EBI GWAS catalog","PMID:20421499","5.5"
"rs2736428","CHR_HSCHR6_MHC_SSTO_CTG1:31863834-31873834(1)","Variation","SLC44A4","NHGRI-EBI GWAS catalog","PMID:20421499","5.5"
